{"0": 0.01899391581221742, "1": 0.016920725325793327, "2": 0.01911828770792517, "3": 0.007667957893492074, "4": 0.0006298857720324404, "5": 0.04643257425074082, "6": 0.01779623160043833, "7": 0.0018253113875155253, "8": 0.0033428632090038235, "9": 0.00317822793899338, "10": 0.0018524701990933687, "11": 0.0008149441120009092, "12": 0.0028618685867202167, "13": 0.006949237051302283, "14": 0.0015608854845022512, "15": 0.017383927445140814, "16": 0.0008316532265123149, "17": 0.0018592814941248072, "18": 0.00010033078431686893, "19": 0.0006516519657619713, "20": 0.000847862809145799, "21": 0.030080707588218587, "22": 0.004461675570872719, "23": 0.0042902676397049274, "24": 0.002060153056066042, "25": 0.0007492867347763519, "26": 0.00043782330980864467, "27": 0.010608702273659416, "28": 0.016974081860111404, "29": 0.0009121875432327407, "30": 2.2342502217265374e-05, "31": 0.0004370683975281768, "32": 0.006909260343837336, "33": 0.00916977442517985, "34": 0.001490672282092051, "35": 0.008626180002547211, "36": 0.019245646045481624, "37": 0.0017446953805307479, "38": 0.0028987267231668393, "39": 0.003181965535831511, "40": 0.002880307318638676, "41": 0.002135087615977569, "42": 0.0015424888994091037, "43": 0.0006189885621240859, "44": 0.003090793973383688, "45": 0.0034639330405440163, "46": 0.07370350047999767, "47": 0.008067811534060748, "48": 0.0016669838029168514, "49": 0.0006932631472593216, "50": 0.0008141490352008971, "51": 0.10076459641247776, "52": 0.0018323998708947176, "53": 0.0006179626824473969, "54": 0.02006134619902733, "55": 0.007464290250584905, "56": 0.0008314960583502703, "57": 0.0008864082445312547, "58": 0.0016318090204010087, "59": 0.0006435240198317787, "60": 0.007244807642849947, "61": 0.0005782887530254757, "62": 0.0009329002274422845, "63": 0.00904276061608886, "64": 0.00021846566510419358, "65": 0.00024117439943719993, "66": 0.0010252993791765989, "67": 0.0008274371481599048, "68": 0.0008870192315649975, "69": 0.00041259597608582477, "70": 7.226536056795305e-05, "71": 0.0077071712835305815, "72": 0.002780472487928793, "73": 6.005509038339834e-05, "74": 0.020512844787176562, "75": 0.00019327383382357032, "76": 0.00726716925307424, "77": 0.018152161670601418, "78": 0.011015826631855163, "79": 0.003307306360215118, "80": 0.0008363853083955598, "81": 0.001525446600597029, "82": 0.0008631375015885214, "83": 0.00041553736511209497, "84": 3.171573444704348e-05, "85": 0.0007605033830974305, "86": 0.00368568438560639, "87": 0.0008682334394643725, "88": 0.0005380507739150879, "89": 0.0013325458337037533, "90": 0.002301933941252736, "91": 0.000910248363233823, "92": 0.0005159824614902757, "93": 0.0005515681476645566, "94": 0.0008906724817075067, "95": 0.0007187304093327055, "96": 0.0004952005041814152, "97": 0.00014421551681510962, "98": 0.005266678834025392, "99": 0.00043474541442596024, "100": 0.003148227134524903, "101": 0.0006798172402284592, "102": 0.00043239973531520643, "103": 0.0011113683693126214, "104": 0.000443969521498038, "105": 0.00038561220362261884, "106": 0.0008298191923615607, "107": 0.0003965165820637184, "108": 0.0010222013879502675, "109": 0.001858555204259234, "110": 0.0007138221840749215, "111": 0.00023741897160080937, "112": 0.0006031590959352954, "113": 0.0010162162785565415, "114": 0.00010241191994183123, "115": 0.0002794167101886179, "116": 0.002219811490657963, "117": 0.0007259738939144158, "118": 0.00018884611170304447, "119": 0.00045142262269822164, "120": 0.0022616706176410506, "121": 0.0002199875629774412, "122": 0.0009620333508955282, "123": 7.156846315497474e-05, "124": 0.00021070086220820208, "125": 0.00041516452537780255, "126": 0.00017022366400808617, "127": 5.011138884223202e-05, "128": 0.0008785424122927029, "129": 0.0007606903137038954, "130": 0.00036465894056842714, "131": 0.00031419731047682963, "132": 0.00015577069247199395, "133": 0.0, "134": 3.055848478401673e-05}