{"0": 0.7462686567164178, "1": 0.7238805970149254, "2": 0.7238805970149254, "3": 0.6268656716417911, "4": 0.34328358208955223, "5": 0.582089552238806, "6": 0.7238805970149254, "7": 0.23880597014925373, "8": 0.291044776119403, "9": 0.27611940298507465, "10": 0.3656716417910448, "11": 0.34328358208955223, "12": 0.44776119402985076, "13": 0.5970149253731343, "14": 0.44029850746268656, "15": 0.7388059701492538, "16": 0.3805970149253731, "17": 0.4626865671641791, "18": 0.05223880597014925, "19": 0.09701492537313433, "20": 0.3805970149253731, "21": 0.6865671641791045, "22": 0.2835820895522388, "23": 0.29850746268656714, "24": 0.31343283582089554, "25": 0.3805970149253731, "26": 0.34328358208955223, "27": 0.6567164179104478, "28": 0.7238805970149254, "29": 0.33582089552238803, "30": 0.14925373134328357, "31": 0.291044776119403, "32": 0.35074626865671643, "33": 0.6343283582089552, "34": 0.4253731343283582, "35": 0.6343283582089552, "36": 0.753731343283582, "37": 0.44776119402985076, "38": 0.40298507462686567, "39": 0.4552238805970149, "40": 0.3805970149253731, "41": 0.41044776119402987, "42": 0.4253731343283582, "43": 0.3582089552238806, "44": 0.26119402985074625, "45": 0.30597014925373134, "46": 0.8208955223880597, "47": 0.6044776119402985, "48": 0.43283582089552236, "49": 0.33582089552238803, "50": 0.30597014925373134, "51": 0.8805970149253731, "52": 0.4626865671641791, "53": 0.33582089552238803, "54": 0.7686567164179104, "55": 0.47014925373134325, "56": 0.3731343283582089, "57": 0.30597014925373134, "58": 0.44776119402985076, "59": 0.1417910447761194, "60": 0.417910447761194, "61": 0.21641791044776118, "62": 0.3880597014925373, "63": 0.6417910447761194, "64": 0.11194029850746269, "65": 0.11940298507462686, "66": 0.33582089552238803, "67": 0.33582089552238803, "68": 0.3805970149253731, "69": 0.3208955223880597, "70": 0.08955223880597014, "71": 0.22388059701492538, "72": 0.3582089552238806, "73": 0.18656716417910446, "74": 0.7313432835820896, "75": 0.208955223880597, "76": 0.4253731343283582, "77": 0.582089552238806, "78": 0.5970149253731343, "79": 0.44029850746268656, "80": 0.33582089552238803, "81": 0.20149253731343283, "82": 0.40298507462686567, "83": 0.33582089552238803, "84": 0.16417910447761194, "85": 0.3208955223880597, "86": 0.29850746268656714, "87": 0.3656716417910448, "88": 0.35074626865671643, "89": 0.39552238805970147, "90": 0.23134328358208955, "91": 0.3283582089552239, "92": 0.12686567164179105, "93": 0.3283582089552239, "94": 0.39552238805970147, "95": 0.1417910447761194, "96": 0.33582089552238803, "97": 0.08208955223880597, "98": 0.4253731343283582, "99": 0.3283582089552239, "100": 0.41044776119402987, "101": 0.35074626865671643, "102": 0.14925373134328357, "103": 0.208955223880597, "104": 0.26119402985074625, "105": 0.11940298507462686, "106": 0.3805970149253731, "107": 0.11194029850746269, "108": 0.16417910447761194, "109": 0.23134328358208955, "110": 0.3283582089552239, "111": 0.16417910447761194, "112": 0.3582089552238806, "113": 0.3283582089552239, "114": 0.19402985074626866, "115": 0.17164179104477612, "116": 0.2462686567164179, "117": 0.12686567164179105, "118": 0.1044776119402985, "119": 0.3283582089552239, "120": 0.15671641791044777, "121": 0.17164179104477612, "122": 0.1791044776119403, "123": 0.06716417910447761, "124": 0.06716417910447761, "125": 0.08955223880597014, "126": 0.1791044776119403, "127": 0.05223880597014925, "128": 0.15671641791044777, "129": 0.09701492537313433, "130": 0.1044776119402985, "131": 0.1791044776119403, "132": 0.05223880597014925, "133": 0.022388059701492536, "134": 0.04477611940298507}