{"0": 0.15099161676451892, "1": 0.1479181489719555, "2": 0.14502961735854225, "3": 0.13937121729590518, "4": 0.08489214704378466, "5": 0.08964039930490578, "6": 0.14759507480029907, "7": 0.05454639297449662, "8": 0.051089871747490044, "9": 0.04548554314722434, "10": 0.08566690398736648, "11": 0.08851726303438232, "12": 0.10387515303028387, "13": 0.1324114777326437, "14": 0.10953126315159051, "15": 0.1512092800156228, "16": 0.09548210583851204, "17": 0.11390013684324422, "18": 0.006989669128086965, "19": 0.01189946675602718, "20": 0.09581018900315798, "21": 0.13582453555705618, "22": 0.043302607865708366, "23": 0.04551221727281888, "24": 0.0681046510304973, "25": 0.09535153472257932, "26": 0.08776429638103216, "27": 0.1414793324782223, "28": 0.14782399691335263, "29": 0.08630443916866098, "30": 0.043807859461994295, "31": 0.07244707736898867, "32": 0.06784998324339796, "33": 0.1380067224746676, "34": 0.10495165218147796, "35": 0.1397332851289357, "36": 0.15103940034360747, "37": 0.11086742676566617, "38": 0.09341125813299832, "39": 0.107204663126963, "40": 0.09515301396245525, "41": 0.09669431270689366, "42": 0.10567705490891344, "43": 0.09225104390996372, "44": 0.04876942402861685, "45": 0.05071595435136532, "46": 0.139943132441188, "47": 0.13293438824465048, "48": 0.10718193705027092, "49": 0.08099027538320494, "50": 0.07360985929891768, "51": 0.14525395438441469, "52": 0.11436728272782316, "53": 0.08320479970067578, "54": 0.15399858139463196, "55": 0.10397064869376091, "56": 0.09294291274112437, "57": 0.07334650434024849, "58": 0.11111915617097987, "59": 0.01953778662811866, "60": 0.09069390889456351, "61": 0.05857709558086781, "62": 0.09451324543784785, "63": 0.1404042971501633, "64": 0.012804738357998426, "65": 0.014765367410724019, "66": 0.0785569698081556, "67": 0.08014827237742052, "68": 0.09622917988673096, "69": 0.08334898676269815, "70": 0.012811761572409977, "71": 0.019137698531300634, "72": 0.08100659363139362, "73": 0.054606817787563426, "74": 0.14441967262841604, "75": 0.04458929050364066, "76": 0.09039194734124593, "77": 0.11883416810757362, "78": 0.12410364275993756, "79": 0.10183286187492907, "80": 0.0795534207146303, "81": 0.03560032462678217, "82": 0.10144670158681438, "83": 0.08490020152961739, "84": 0.04669165375959448, "85": 0.07720444590745498, "86": 0.050944741219847475, "87": 0.0908588081494052, "88": 0.08836403662563126, "89": 0.09781998565746236, "90": 0.05522985662702473, "91": 0.07921915087683205, "92": 0.016517610934236676, "93": 0.08309947944554628, "94": 0.09741816034153243, "95": 0.016902434603797152, "96": 0.08397156498724728, "97": 0.009644677083335124, "98": 0.0862045945158686, "99": 0.08105913959878398, "100": 0.09864258913862196, "101": 0.09074891294730857, "102": 0.021248413787719894, "103": 0.03685473077407198, "104": 0.061591683537679326, "105": 0.03088602896821732, "106": 0.0967903628149438, "107": 0.014520614280458682, "108": 0.03984231269706654, "109": 0.04967814692241907, "110": 0.07946843077414004, "111": 0.037409012452280836, "112": 0.08992422936765408, "113": 0.07767584130162576, "114": 0.054434497562645255, "115": 0.03583004324361258, "116": 0.04924152431491395, "117": 0.020479565204339727, "118": 0.021861531107132987, "119": 0.08390131491163719, "120": 0.028343178583493646, "121": 0.039188100124124034, "122": 0.034555338199014345, "123": 0.011568432344214686, "124": 0.011403460787901781, "125": 0.015873633684911355, "126": 0.05256205323521067, "127": 0.007401632898503348, "128": 0.030028093303242957, "129": 0.011074291426318291, "130": 0.02629017787533936, "131": 0.041627552204846, "132": 0.007494069767260098, "133": 0.00426161556068246, "134": 0.007836094557159102}