{"0": 0.11631112753553746, "1": 0.11464782586035868, "2": 0.11429457801937946, "3": 0.10824629609287449, "4": 0.08594003661034243, "5": 0.0987166375675942, "6": 0.11461786086333774, "7": 0.07661315249257372, "8": 0.07890073101320026, "9": 0.07718257488762927, "10": 0.08742178240092531, "11": 0.08650936490508086, "12": 0.09402958538213418, "13": 0.10573367340027312, "14": 0.0945786409395738, "15": 0.11587085899595816, "16": 0.08934630975522975, "17": 0.09634130147397361, "18": 0.059477243778610585, "19": 0.0625255901098225, "20": 0.08938322229847354, "21": 0.11091707825286583, "22": 0.07726661515866298, "23": 0.07835657779809066, "24": 0.08201995046558323, "25": 0.08931892604925046, "26": 0.08632678651037254, "27": 0.11010265915109906, "28": 0.11464745001280484, "29": 0.08598589871761722, "30": 0.07012110779581873, "31": 0.0815947175162506, "32": 0.08421224485396452, "33": 0.10841884485200398, "34": 0.09308597043305199, "35": 0.1086422043457101, "36": 0.11656487290412418, "37": 0.09515390900531322, "38": 0.0900845804177607, "39": 0.09492878392199133, "40": 0.08937830590581929, "41": 0.09090009105596003, "42": 0.09324486821987123, "43": 0.08787167030542374, "44": 0.07674901679837, "45": 0.07961669439598158, "46": 0.11867683122066418, "47": 0.1061584558213342, "48": 0.09386374635707348, "49": 0.08514054249147532, "50": 0.08231042840838043, "51": 0.12250513979224062, "52": 0.09633634819295205, "53": 0.08527081863580256, "54": 0.11776586696849105, "55": 0.09544024252989175, "56": 0.08875028197229737, "57": 0.08246584413191088, "58": 0.09515144094349036, "59": 0.06618683186440757, "60": 0.09086487246227769, "61": 0.07590376392467471, "62": 0.08975530477612796, "63": 0.10915043273208591, "64": 0.06368946827404767, "65": 0.06438518126501967, "66": 0.08469035230443332, "67": 0.08501964510653658, "68": 0.0894969991357404, "69": 0.08460435658772758, "70": 0.06247178402460342, "71": 0.07034488801847467, "72": 0.08632545806137963, "73": 0.07373246668921604, "74": 0.11450024626537643, "75": 0.07293504530324334, "76": 0.09122399431377298, "77": 0.1033758525840363, "78": 0.10473088833088215, "79": 0.09325693219088448, "80": 0.08492567828845966, "81": 0.07163404697329574, "82": 0.09136129361823354, "83": 0.08540423260396046, "84": 0.07125838078547077, "85": 0.08385149665961723, "86": 0.07927374283954133, "87": 0.08807372739242894, "88": 0.08684830437193906, "89": 0.09058822714526164, "90": 0.07604869585121801, "91": 0.08449138978795383, "92": 0.06489988208724166, "93": 0.08500536195609819, "94": 0.0902193342756496, "95": 0.06570110817017699, "96": 0.0853422476625804, "97": 0.061540300623651165, "98": 0.08975949564830683, "99": 0.0847653910068872, "100": 0.091224109309205, "101": 0.0871754688582958, "102": 0.06678929366239213, "103": 0.07237089657908558, "104": 0.07803970448727814, "105": 0.06675948457000379, "106": 0.08961035326148091, "107": 0.06378819706314433, "108": 0.07039110921486964, "109": 0.07517729892984168, "110": 0.08446040221733984, "111": 0.07012273713642403, "112": 0.08744713259931174, "113": 0.08427738837089752, "114": 0.0740120952467564, "115": 0.07028524819562891, "116": 0.07613425132757742, "117": 0.06549103161678506, "118": 0.06457897631916061, "119": 0.08502582941407971, "120": 0.06810732916897753, "121": 0.0707887542949744, "122": 0.07051229162162745, "123": 0.060980389080308305, "124": 0.060976231451644575, "125": 0.06275198052354108, "126": 0.07304467042898057, "127": 0.0595872319370691, "128": 0.06859071214336307, "129": 0.06233821723307925, "130": 0.06514674987343877, "131": 0.07157666547898188, "132": 0.05952395965717512, "133": 0.05749503373375671, "134": 0.05922935093307391}