{"0": 0.014697254065556734, "1": 0.014242508503500229, "2": 0.014363070894182874, "3": 0.012161942105430729, "4": 0.0070252074601393575, "5": 0.013472019916388625, "6": 0.014290570476607886, "7": 0.00569609014021541, "8": 0.007121262146352803, "9": 0.006827006624472964, "10": 0.007605092709320327, "11": 0.007040084794990009, "12": 0.008921379932073082, "13": 0.011658398452205848, "14": 0.008682387139993968, "15": 0.014501282416045095, "16": 0.00763567330657236, "17": 0.009072424512506729, "18": 0.002583548943370817, "19": 0.0037621093587377648, "20": 0.007632856395526666, "21": 0.014319563035711903, "22": 0.007180382228938839, "23": 0.0074609768067224495, "24": 0.006762103555156273, "25": 0.007639970568753509, "26": 0.006991336657958949, "27": 0.012850779886146755, "28": 0.014270929461929135, "29": 0.006921664809502209, "30": 0.0037024379477260923, "31": 0.006160248350339268, "32": 0.008041077193301084, "33": 0.01242048240167913, "34": 0.008445248405300452, "35": 0.012343599846857055, "36": 0.014785644942396588, "37": 0.008814707595596973, "38": 0.00819864405409446, "39": 0.00908002736145502, "40": 0.007803803481354014, "41": 0.008207753326886062, "42": 0.008432933681374474, "43": 0.0072621429544395665, "44": 0.006245716265633531, "45": 0.007448665468486517, "46": 0.01779783968101281, "47": 0.011861779139223734, "48": 0.008565047687325907, "49": 0.006960254662385623, "50": 0.006407786850129657, "51": 0.01946193022773445, "52": 0.00905090105531777, "53": 0.006877116304857118, "54": 0.015091277903298972, "55": 0.009742188547551083, "56": 0.007547941166738184, "57": 0.006471086226374263, "58": 0.008804659101007722, "59": 0.0042253059361150045, "60": 0.008895688231872294, "61": 0.004960942159098114, "62": 0.007824769628801694, "63": 0.012511084580696429, "64": 0.0036656509750169655, "65": 0.0038029166713930435, "66": 0.006994248839892221, "67": 0.006992106537823416, "68": 0.0076298918821520335, "69": 0.006610671535900509, "70": 0.0029891159025078806, "71": 0.007203408631688898, "72": 0.007573805817865775, "73": 0.004327561535313251, "74": 0.014520589868437628, "75": 0.004771687077539487, "76": 0.009072783328125679, "77": 0.012072580391859822, "78": 0.011976233308522455, "79": 0.008826262771314432, "80": 0.006986074519794094, "81": 0.005060272867559278, "82": 0.008014013273480412, "83": 0.006850806539747162, "84": 0.003963686352316094, "85": 0.006722986072269374, "86": 0.007313945496777344, "87": 0.007420921035300125, "88": 0.007149293592145988, "89": 0.007948313190470058, "90": 0.005565144082685154, "91": 0.0068425495752712515, "92": 0.003943166326457076, "93": 0.006768229398288427, "94": 0.007875789944580058, "95": 0.004321899477943518, "96": 0.006882324721102895, "97": 0.0029193025070595653, "98": 0.008624153851440818, "99": 0.006807192506092697, "100": 0.008271402050788502, "101": 0.007126507735945941, "102": 0.004175453332695924, "103": 0.005390261574309672, "104": 0.005623122648320492, "105": 0.003408581084836356, "106": 0.007635305245782169, "107": 0.0035720349319852394, "108": 0.004359237035631297, "109": 0.005551059690356738, "110": 0.006816926335898518, "111": 0.004170078988426536, "112": 0.00728074867790654, "113": 0.006873636734629486, "114": 0.004499236440717541, "115": 0.004375314334190789, "116": 0.005911438327541101, "117": 0.0037951650017839095, "118": 0.0031642230034075987, "119": 0.0067474135593378285, "120": 0.004700878170765225, "121": 0.004312886425787455, "122": 0.004746321855549033, "123": 0.0024772625100536534, "124": 0.002669192155093503, "125": 0.0031175024951830173, "126": 0.004187860478376057, "127": 0.0024900610912647557, "128": 0.004324801390632921, "129": 0.0035600916460869756, "130": 0.003114650559051265, "131": 0.004446497960967993, "132": 0.002473279626204231, "133": 0.0016023379129681478, "134": 0.002179038909917254}