{"0": 0.0003842152355589058, "1": 0.00038036485887166206, "2": 0.0003449335685905496, "3": 0.00040063210540498996, "4": 0.0003711022972801792, "5": 0.00037044435470102473, "6": 0.00039666314346016644, "7": 0.0003826349200892789, "8": 0.00034499448171800565, "9": 0.0003724512909466157, "10": 0.000387985907552645, "11": 0.0003787125572114178, "12": 0.0003639552109582315, "13": 0.0003743945733339764, "14": 0.00037470734644098273, "15": 0.00037806963344133636, "16": 0.000338601296552195, "17": 0.0003284466322422685, "18": 0.0003744579145684687, "19": 0.0003593326948946213, "20": 0.0003765466088690361, "21": 0.00037462370683978124, "22": 0.0003843594762263897, "23": 0.0003307968193830396, "24": 0.0003706146813504337, "25": 0.0003843256296878143, "26": 0.0003658404658000166, "27": 0.0003623196304462427, "28": 0.0003449098166986227, "29": 0.000404499925082446, "30": 0.00038334177154134366, "31": 0.0003517225275869258, "32": 0.0003753441065225538, "33": 0.00036030200230161545, "34": 0.0003624525833296916, "35": 0.0003906769064113388, "36": 0.0003585581741645476, "37": 0.000404499925082446, "38": 0.0003826831319490163, "39": 0.0003745845023793243, "40": 0.00036848722555755134, "41": 0.0003823164724495125, "42": 0.00034972893591454, "43": 0.00038252789027973884, "44": 0.0003842330686549143, "45": 0.00035026979406191204, "46": 0.00034889003236302077, "47": 0.00035592204577704947, "48": 0.00036831692697023656, "49": 0.00037185732335059165, "50": 0.00039456063804656926, "51": 0.00039041812785848244, "52": 0.00040069219612755914, "53": 0.0003661967052767934, "54": 0.0003605156972174827, "55": 0.0003704876465848519, "56": 0.00036382151357057204, "57": 0.00033510775510132, "58": 0.00034147639526801977, "59": 0.0003582939139367186, "60": 0.00034961425014833135, "61": 0.0003577466156557204, "62": 0.00035522225446921456, "63": 0.00033662928090617833, "64": 0.000382545102366903, "65": 0.000338614249843865, "66": 0.00039863026330187615, "67": 0.0003740687821327107, "68": 0.0003799822133897349, "69": 0.00036605199607274473, "70": 0.00035622571337258, "71": 0.00039456063804656926, "72": 0.0003344515584066722, "73": 0.0003785496155654308, "74": 0.0003620760672977685, "75": 0.0003574542043193947, "76": 0.0003842956852684567, "77": 0.00036052834872271947, "78": 0.0003610911506830399, "79": 0.00037047917026920363, "80": 0.0003661251185316428, "81": 0.00035343398624985707, "82": 0.00037040061260884837, "83": 0.0003124166211163231, "84": 0.0003986298329179706, "85": 0.0003726198674376694, "86": 0.00035387626698246265, "87": 0.00037432622277431117, "88": 0.0003805466207755959, "89": 0.00038290856759937863, "90": 0.000353289516669467, "91": 0.0003747250193588229, "92": 0.0003664699826463661, "93": 0.00038443404020536927, "94": 0.0003306127037935857, "95": 0.0003559710450374718, "96": 0.0003847070380825411, "97": 0.00036466657431954004, "98": 0.00032092449302794865, "99": 0.0003454294597882428, "100": 0.000380715550172156, "101": 0.000388674291106121, "102": 0.0003642920763000783, "103": 0.00039061384143352024}