{"0": 0.9805825242718446, "1": 0.9708737864077669, "2": 0.9514563106796116, "3": 0.9902912621359222, "4": 0.9805825242718446, "5": 0.9611650485436892, "6": 0.9805825242718446, "7": 0.9708737864077669, "8": 0.9417475728155339, "9": 0.9611650485436892, "10": 0.9902912621359222, "11": 0.9708737864077669, "12": 0.9611650485436892, "13": 0.9611650485436892, "14": 0.9514563106796116, "15": 0.9805825242718446, "16": 0.9417475728155339, "17": 0.9320388349514562, "18": 0.9708737864077669, "19": 0.9611650485436892, "20": 0.9708737864077669, "21": 0.9611650485436892, "22": 0.9805825242718446, "23": 0.9417475728155339, "24": 0.9611650485436892, "25": 0.9805825242718446, "26": 0.9611650485436892, "27": 0.9514563106796116, "28": 0.9514563106796116, "29": 0.9999999999999999, "30": 0.9902912621359222, "31": 0.9417475728155339, "32": 0.9805825242718446, "33": 0.9514563106796116, "34": 0.9514563106796116, "35": 0.9805825242718446, "36": 0.9417475728155339, "37": 0.9999999999999999, "38": 0.9708737864077669, "39": 0.9611650485436892, "40": 0.9611650485436892, "41": 0.9805825242718446, "42": 0.9514563106796116, "43": 0.9708737864077669, "44": 0.9805825242718446, "45": 0.9611650485436892, "46": 0.9514563106796116, "47": 0.9514563106796116, "48": 0.9611650485436892, "49": 0.9708737864077669, "50": 0.9902912621359222, "51": 0.9805825242718446, "52": 0.9902912621359222, "53": 0.9514563106796116, "54": 0.9514563106796116, "55": 0.9611650485436892, "56": 0.9611650485436892, "57": 0.9417475728155339, "58": 0.9223300970873786, "59": 0.9514563106796116, "60": 0.9417475728155339, "61": 0.9611650485436892, "62": 0.9611650485436892, "63": 0.9417475728155339, "64": 0.9708737864077669, "65": 0.9417475728155339, "66": 0.9902912621359222, "67": 0.9708737864077669, "68": 0.9805825242718446, "69": 0.9611650485436892, "70": 0.9514563106796116, "71": 0.9902912621359222, "72": 0.9417475728155339, "73": 0.9708737864077669, "74": 0.9514563106796116, "75": 0.9611650485436892, "76": 0.9805825242718446, "77": 0.9514563106796116, "78": 0.9708737864077669, "79": 0.9611650485436892, "80": 0.9611650485436892, "81": 0.9514563106796116, "82": 0.9611650485436892, "83": 0.9126213592233009, "84": 0.9902912621359222, "85": 0.9514563106796116, "86": 0.9514563106796116, "87": 0.9708737864077669, "88": 0.9708737864077669, "89": 0.9611650485436892, "90": 0.9514563106796116, "91": 0.9611650485436892, "92": 0.9514563106796116, "93": 0.9805825242718446, "94": 0.9417475728155339, "95": 0.9514563106796116, "96": 0.9708737864077669, "97": 0.9514563106796116, "98": 0.9029126213592232, "99": 0.9320388349514562, "100": 0.9708737864077669, "101": 0.9805825242718446, "102": 0.9514563106796116, "103": 0.9805825242718446}