{"0": 0.09985773586997379, "1": 0.0988612165403244, "2": 0.09699347467100508, "3": 0.1007968762958008, "4": 0.09991618818866356, "5": 0.09790353531224186, "6": 0.09979996663347238, "7": 0.09885282438772451, "8": 0.09597538946083745, "9": 0.09788323801293056, "10": 0.10085532861449058, "11": 0.0988721458553382, "12": 0.09792188094815783, "13": 0.097873870028633, "14": 0.09685744373235142, "15": 0.09988837698528027, "16": 0.09601364206338568, "17": 0.095036834534029, "18": 0.09889127215661232, "19": 0.09795154623176669, "20": 0.0988815138396357, "21": 0.09787426036131208, "22": 0.0998582237858226, "23": 0.09604399042918285, "24": 0.09789436249428388, "25": 0.0998582237858226, "26": 0.09791241538069055, "27": 0.09691550571836212, "28": 0.09699259642247718, "29": 0.10179349320861995, "30": 0.10087465008210424, "31": 0.09594611450990767, "32": 0.09989715947055919, "33": 0.0969350223523153, "34": 0.09692623986703638, "35": 0.09982933916757189, "36": 0.09591918155505227, "37": 0.10179349320861995, "38": 0.09886170445617323, "39": 0.09787406519497255, "40": 0.0979037304785814, "41": 0.09986837243547826, "42": 0.09697464111924026, "43": 0.09885155580651758, "44": 0.09985763828680401, "45": 0.09798062601635692, "46": 0.09699249883930743, "47": 0.09694380483759424, "48": 0.09790294981322326, "49": 0.09890883712717016, "50": 0.10082644399623988, "51": 0.09982933916757192, "52": 0.10079716904531011, "53": 0.0969052594855367, "54": 0.0969359006008432, "55": 0.09789436249428386, "56": 0.0979320295978135, "57": 0.0960347200280551, "58": 0.09397054323799704, "59": 0.09693551026816413, "60": 0.0959563607427331, "61": 0.09795183898127598, "62": 0.09796110938240374, "63": 0.09601500822776239, "64": 0.09885223888870595, "65": 0.0960138372297252, "66": 0.10080663461277739, "67": 0.09889097940710301, "68": 0.09987725250392698, "69": 0.09792168578181833, "70": 0.0969453661683105, "71": 0.10082644399623988, "72": 0.09602398587938084, "73": 0.09887117002364054, "74": 0.09691599363421095, "75": 0.09795261964663411, "76": 0.09985871170167143, "77": 0.09693619335035251, "78": 0.0989479679782463, "79": 0.09789358182892573, "80": 0.09791329362921844, "81": 0.09695444140309872, "82": 0.09789280116356762, "83": 0.0930795113148646, "84": 0.10080663461277739, "85": 0.09686798271468613, "86": 0.09696459005275437, "87": 0.09889088182393325, "88": 0.09886082620764534, "89": 0.09783571500925457, "90": 0.0969550269021173, "91": 0.09787513860983998, "92": 0.09690594256772506, "93": 0.09985832136899236, "94": 0.09605374874615946, "95": 0.09694429275344306, "96": 0.09884218782222004, "97": 0.09690691839942274, "98": 0.09203341973497413, "99": 0.09495828008236745, "100": 0.09886180203934301, "101": 0.099839292650888, "102": 0.09690584498455529, "103": 0.09982904641806262}