{"0": 0.0980734223760656, "1": 0.0980651886461977, "2": 0.09804873016982346, "3": 0.09808165196003227, "4": 0.09807342652259994, "5": 0.0980569576806093, "6": 0.09807341822993415, "7": 0.09806518795590485, "8": 0.09804049505654958, "9": 0.09805695629795154, "10": 0.0980816561065666, "11": 0.09806518933798704, "12": 0.09805695906211592, "13": 0.09805695560708313, "14": 0.09804872049478772, "15": 0.09807342445016735, "16": 0.09804049782048371, "17": 0.09803226547292825, "18": 0.09806519071995412, "19": 0.09805696113564209, "20": 0.09806519002885547, "21": 0.09805695560731335, "22": 0.09807342237635337, "23": 0.0980404998944128, "24": 0.098056956989856, "25": 0.09807342237635337, "26": 0.09805695837118994, "27": 0.09804872464109181, "28": 0.09804873016930545, "29": 0.09808988568995772, "30": 0.0980816574886488, "31": 0.09804049298325361, "32": 0.09807342514069042, "33": 0.09804872602328912, "34": 0.09804872533276604, "35": 0.09807342030328765, "36": 0.09804049091133904, "37": 0.09808988568995772, "38": 0.0980651886464855, "39": 0.09805695560719824, "40": 0.09805695768072442, "41": 0.09807342306768226, "42": 0.09804872878802906, "43": 0.09806518795515662, "44": 0.09807342237600804, "45": 0.09805696320882293, "46": 0.09804873016924788, "47": 0.09804872671381219, "48": 0.09805695768026397, "49": 0.09806519210100027, "50": 0.09808165403350089, "51": 0.09807342030328767, "52": 0.09808165196020495, "53": 0.09804872394970539, "54": 0.09804872602380714, "55": 0.098056956989856, "56": 0.0980569597534448, "57": 0.09804049920360193, "58": 0.09802402690450644, "59": 0.09804872602357691, "60": 0.09804049367464006, "61": 0.09805696113581476, "62": 0.09805696182662563, "63": 0.09804049782128953, "64": 0.0980651879555595, "65": 0.09804049782059884, "66": 0.09808165265113092, "67": 0.09806519071978144, "68": 0.09807342375826289, "69": 0.0980569590620008, "70": 0.09804872671473312, "71": 0.09808165403350089, "72": 0.0980404985119277, "73": 0.09806518933741148, "74": 0.0980487246413796, "75": 0.09805696113627524, "76": 0.09807342237664117, "77": 0.09804872602397981, "78": 0.09806519486545243, "79": 0.09805695698939554, "80": 0.09805695837170796, "81": 0.09804872740542886, "82": 0.09805695698893509, "83": 0.09801580077563013, "84": 0.09808165265113092, "85": 0.0980487211863468, "86": 0.09804872809675774, "87": 0.09806519071972387, "88": 0.09806518864596749, "89": 0.09805695284320654, "90": 0.0980487274057742, "91": 0.09805695560783136, "92": 0.09804872395010829, "93": 0.09807342237641094, "94": 0.09804050058551145, "95": 0.09804872671409999, "96": 0.09806518726428819, "97": 0.09804872395068386, "98": 0.09800756358980853, "99": 0.09803225994385127, "100": 0.09806518864654304, "101": 0.09807342099450142, "102": 0.09804872395005072, "103": 0.098073420303115}