{"0": 0.009769548431173145, "1": 0.009687203655677002, "2": 0.009520884847115866, "3": 0.009852613346854552, "4": 0.009768767598910252, "5": 0.00960437786459586, "6": 0.00977027319870343, "7": 0.009687309695682073, "8": 0.00943881363980296, "9": 0.009604633579647916, "10": 0.009851857791123037, "11": 0.009687079939472168, "12": 0.009604137775894452, "13": 0.009604742897258552, "14": 0.009522648906195965, "15": 0.009769147939139817, "16": 0.00943832508276072, "17": 0.009355711421340404, "18": 0.009686834750434666, "19": 0.00960371847964014, "20": 0.009686958712593586, "21": 0.009604745052100658, "22": 0.009769542934360699, "23": 0.009437957257433561, "24": 0.009604490903617693, "25": 0.009769543467421081, "26": 0.009604243633436513, "27": 0.009521923359718545, "28": 0.009520907166985657, "29": 0.009934951560579858, "30": 0.009851585526150137, "31": 0.00943921334951485, "32": 0.009769006718397099, "33": 0.009521675838217196, "34": 0.009521786162860365, "35": 0.009769913928116155, "36": 0.009439571533671956, "37": 0.009934951560579858, "38": 0.009687206865602562, "39": 0.009604749534049295, "40": 0.009604373574087045, "41": 0.009769414911012107, "42": 0.009521154142416673, "43": 0.009687330813364429, "44": 0.009769551916606462, "45": 0.009603313862972921, "46": 0.00952088776148678, "47": 0.009521557792208877, "48": 0.009604384602832165, "49": 0.009686594947633754, "50": 0.009852245399896632, "51": 0.00976989746051126, "52": 0.009852610657259871, "53": 0.009522039460407054, "54": 0.00952166886072426, "55": 0.009604488707210174, "56": 0.009603989960145925, "57": 0.009438072047284316, "58": 0.009274270391424165, "59": 0.009521671986231665, "60": 0.009439076985158537, "61": 0.009603748930702179, "62": 0.00960360956712487, "63": 0.00943829614280038, "64": 0.009687317279760436, "65": 0.009438319163590374, "66": 0.0098524941127932, "67": 0.009686816709511157, "68": 0.009769292949628914, "69": 0.009604139477611809, "70": 0.009521540380366317, "71": 0.009852245399896632, "72": 0.009438181315642197, "73": 0.00968708828071543, "74": 0.009521894152314426, "75": 0.009603710292738665, "76": 0.009769530429365946, "77": 0.009521667546210033, "78": 0.009686075835813122, "79": 0.00960450368842182, "80": 0.009604240593396964, "81": 0.009521390766493056, "82": 0.009604511282313082, "83": 0.009190569612060594, "84": 0.009852494522392674, "85": 0.009522507854587416, "86": 0.009521288098064266, "87": 0.00968683362210821, "88": 0.00968721511642366, "89": 0.009605232255016211, "90": 0.009521369837129924, "91": 0.009604735357301436, "92": 0.009522046515749913, "93": 0.009769546011553625, "94": 0.009437819921891667, "95": 0.009521552525805738, "96": 0.00968745202276866, "97": 0.00952203560028552, "98": 0.009108843462287375, "99": 0.009356737106067336, "100": 0.009687210045096208, "101": 0.009769789815816724, "102": 0.009522038113636291, "103": 0.009769916139039984}